date;timestamp;wei
04/01/2020;1585699200;12158641023
04/02/2020;1585785600;13091171982
04/03/2020;1585872000;12546736213
04/04/2020;1585958400;10643758163
04/05/2020;1586044800;10421896817
04/06/2020;1586131200;14386395350
04/07/2020;1586217600;13013528020
04/08/2020;1586304000;11576580760
04/09/2020;1586390400;12277136032
04/10/2020;1586476800;12269003782
04/11/2020;1586563200;11327484697
04/12/2020;1586649600;9800432922
4/13/2020;1586736000;11939777888
4/14/2020;1586822400;12300384022
4/15/2020;1586908800;11635342378
4/16/2020;1586995200;15064682211
4/17/2020;1587081600;12248271015
4/18/2020;1587168000;12700922618
4/19/2020;1587254400;12031541144
4/20/2020;1587340800;13770276031
4/21/2020;1587427200;13970900436
4/22/2020;1587513600;14191692798
4/23/2020;1587600000;14371184956
4/24/2020;1587686400;13771090303
4/25/2020;1587772800;12538831783
4/26/2020;1587859200;13439926391
4/27/2020;1587945600;13918385493
4/28/2020;1588032000;13052985766
4/29/2020;1588118400;18452757606
4/30/2020;1588204800;23829583393
05/01/2020;1588291200;13888475283
05/02/2020;1588377600;11389301751
05/03/2020;1588464000;12521236484
05/04/2020;1588550400;14983023765
05/05/2020;1588636800;15502345363
05/06/2020;1588723200;17933308369
05/07/2020;1588809600;20866831524
05/08/2020;1588896000;20580766613
05/09/2020;1588982400;17823163632
05/10/2020;1589068800;30507432603
05/11/2020;1589155200;24022502727
05/12/2020;1589241600;27066815386
5/13/2020;1589328000;32980999573
5/14/2020;1589414400;41116263713
5/15/2020;1589500800;32000157331
5/16/2020;1589587200;25477191550
5/17/2020;1589673600;27103939904
5/18/2020;1589760000;36508693750
5/19/2020;1589846400;33240461791
5/20/2020;1589932800;36510632877
5/21/2020;1590019200;48851382307
5/22/2020;1590105600;35001330711
5/23/2020;1590192000;22171704727
5/24/2020;1590278400;29040279475
5/25/2020;1590364800;38094676834
5/26/2020;1590451200;37860437126
5/27/2020;1590537600;42827563449
5/28/2020;1590624000;39750197752
5/29/2020;1590710400;34983980235
5/30/2020;1590796800;33659377964
5/31/2020;1590883200;28385719806
06/01/2020;1590969600;32379485381
06/02/2020;1591056000;36613726636
06/03/2020;1591142400;29769950061
06/04/2020;1591228800;31888384257
06/05/2020;1591315200;32258089816
06/06/2020;1591401600;38721024282
06/07/2020;1591488000;40787069912
06/08/2020;1591574400;41524824461
06/09/2020;1591660800;37266087486
06/10/2020;1591747200;5,81876E+11
06/11/2020;1591833600;7,09708E+11
06/12/2020;1591920000;35616566860
6/13/2020;1592006400;29377910098
6/14/2020;1592092800;24230716812
6/15/2020;1592179200;43250992524
6/16/2020;1592265600;40533137609
6/17/2020;1592352000;42028712404
6/18/2020;1592438400;38424496007
6/19/2020;1592524800;39365512466
6/20/2020;1592611200;29553002666
6/21/2020;1592697600;29937373565
6/22/2020;1592784000;41302954545
6/23/2020;1592870400;45491287860
6/24/2020;1592956800;46589720161
6/25/2020;1593043200;42575132701
6/26/2020;1593129600;38176707953
6/27/2020;1593216000;36769845271
6/28/2020;1593302400;35078209646
6/29/2020;1593388800;39552762105
6/30/2020;1593475200;52294541588
07/01/2020;1593561600;47358992980
07/02/2020;1593648000;42603951322
07/03/2020;1593734400;44742407160
07/04/2020;1593820800;33268484751
07/05/2020;1593907200;31655035139
07/06/2020;1593993600;40437764877
07/07/2020;1594080000;40907231924
07/08/2020;1594166400;52093643866
07/09/2020;1594252800;47477907527
07/10/2020;1594339200;38637254876
07/11/2020;1594425600;33735159452
07/12/2020;1594512000;32085351933
7/13/2020;1594598400;50960828747
7/14/2020;1594684800;44351239353
7/15/2020;1594771200;51587477037
7/16/2020;1594857600;55735259161
7/17/2020;1594944000;58219936374
7/18/2020;1595030400;50656559485
7/19/2020;1595116800;54609003475
7/20/2020;1595203200;70536742504
7/21/2020;1595289600;75884344678
7/22/2020;1595376000;72342074874
7/23/2020;1595462400;81533077820
7/24/2020;1595548800;76416250014
7/25/2020;1595635200;82224184318
7/26/2020;1595721600;72868554221
7/27/2020;1595808000;96651241529
7/28/2020;1595894400;71667637214
7/29/2020;1595980800;74335028131
7/30/2020;1596067200;71596140466
7/31/2020;1596153600;78904447180
08/01/2020;1596240000;63846952921
08/02/2020;1596326400;79704212228
08/03/2020;1596412800;69980285209
08/04/2020;1596499200;59805862058
08/05/2020;1596585600;55170121710
08/06/2020;1596672000;60216328698
08/07/2020;1596758400;75118872696
08/08/2020;1596844800;68308662136
08/09/2020;1596931200;77549796325
08/10/2020;1597017600;1,18331E+11
08/11/2020;1597104000;1,30226E+11
08/12/2020;1597190400;2,23687E+11
8/13/2020;1597276800;2,63647E+11
8/14/2020;1597363200;2,14594E+11
8/15/2020;1597449600;1,2128E+11
8/16/2020;1597536000;1,03406E+11
8/17/2020;1597622400;1,15609E+11
8/18/2020;1597708800;1,32627E+11
8/19/2020;1597795200;1,38374E+11
8/20/2020;1597881600;1,1649E+11
8/21/2020;1597968000;1,61842E+11
8/22/2020;1598054400;1,07429E+11
8/23/2020;1598140800;86163918808
8/24/2020;1598227200;98937713405
8/25/2020;1598313600;1,10741E+11
8/26/2020;1598400000;93103481649
8/27/2020;1598486400;97826615038
8/28/2020;1598572800;93087752585
8/29/2020;1598659200;1,02908E+11
8/30/2020;1598745600;2,11899E+11
8/31/2020;1598832000;2,36124E+11
09/01/2020;1598918400;4,45945E+11
09/02/2020;1599004800;4,80096E+11
09/03/2020;1599091200;3,91331E+11
09/04/2020;1599177600;2,32291E+11
09/05/2020;1599264000;2,76608E+11
09/06/2020;1599350400;1,29483E+11
09/07/2020;1599436800;1,12638E+11
09/08/2020;1599523200;1,03775E+11
09/09/2020;1599609600;1,2049E+11
09/10/2020;1599696000;1,79315E+11
09/11/2020;1599782400;1,4723E+11
09/12/2020;1599868800;1,07403E+11
9/13/2020;1599955200;1,20533E+11
9/14/2020;1600041600;1,995E+11
9/15/2020;1600128000;1,86693E+11
9/16/2020;1600214400;1,52924E+11
9/17/2020;1600300800;5,38007E+11
9/18/2020;1600387200;3,18643E+11
9/19/2020;1600473600;1,7432E+11
9/20/2020;1600560000;1,3289E+11
9/21/2020;1600646400;1,76908E+11
9/22/2020;1600732800;1,59389E+11
9/23/2020;1600819200;1,28841E+11
9/24/2020;1600905600;1,09209E+11
9/25/2020;1600992000;1,02667E+11
9/26/2020;1601078400;83509486824
9/27/2020;1601164800;86032333679
9/28/2020;1601251200;1,21962E+11
9/29/2020;1601337600;1,53891E+11
9/30/2020;1601424000;1,19863E+11
10/01/2020;1601510400;1,00692E+11
10/02/2020;1601596800;93806763969
10/03/2020;1601683200;79724495395
10/04/2020;1601769600;83002261988
10/05/2020;1601856000;90700178586
10/06/2020;1601942400;1,09233E+11
10/07/2020;1602028800;85972225652
10/08/2020;1602115200;87114899986
10/09/2020;1602201600;80387358281
10/10/2020;1602288000;64197264627
10/11/2020;1602374400;49653860265
10/12/2020;1602460800;76063541206
10/13/2020;1602547200;75080099063
10/14/2020;1602633600;75643030426
10/15/2020;1602720000;74178882628
10/16/2020;1602806400;63068023041
10/17/2020;1602892800;36291623945
10/18/2020;1602979200;40183042347
10/19/2020;1603065600;56873119620
10/20/2020;1603152000;61935567910
10/21/2020;1603238400;74178258309
10/22/2020;1603324800;63311659678
10/23/2020;1603411200;58483044067
10/24/2020;1603497600;32203857762
10/25/2020;1603584000;33050174347
10/26/2020;1603670400;55960128939
10/27/2020;1603756800;43438225272
10/28/2020;1603843200;64546938423
10/29/2020;1603929600;68638448298
10/30/2020;1604016000;63336696249
10/31/2020;1604102400;40821601761
11/01/2020;1604188800;33958389367
11/02/2020;1604275200;59556293025
11/03/2020;1604361600;44994623512
11/04/2020;1604448000;36929765158
11/05/2020;1604534400;50351219255
11/06/2020;1604620800;59743475915
11/07/2020;1604707200;55699556300
11/08/2020;1604793600;29270287574
11/09/2020;1604880000;43036804081
11/10/2020;1604966400;50067322104
11/11/2020;1605052800;52469222811
11/12/2020;1605139200;58433082358
11/13/2020;1605225600;54834222262
11/14/2020;1605312000;34540619732
11/15/2020;1605398400;34544174003
11/16/2020;1605484800;47985935398
11/17/2020;1605571200;74866465876
11/18/2020;1605657600;80394403719
11/19/2020;1605744000;46783318521
11/20/2020;1605830400;68357121233
11/21/2020;1605916800;66371016498
11/22/2020;1606003200;62695231579
11/23/2020;1606089600;76578870525
11/24/2020;1606176000;93649625593
11/25/2020;1606262400;61060602390
11/26/2020;1606348800;1,42518E+11
11/27/2020;1606435200;45168615208
11/28/2020;1606521600;34986023055
11/29/2020;1606608000;30780782615
11/30/2020;1606694400;78983988030
12/01/2020;1606780800;87210450983
12/02/2020;1606867200;44017238565
12/03/2020;1606953600;47047850997
12/04/2020;1607040000;54133415152
12/05/2020;1607126400;37247774997
12/06/2020;1607212800;36457991314
12/07/2020;1607299200;50119786947
12/08/2020;1607385600;64453892343
12/09/2020;1607472000;65315353811
12/10/2020;1607558400;56230297216
12/11/2020;1607644800;63672809905
12/12/2020;1607731200;42794623984
12/13/2020;1607817600;45496784769
12/14/2020;1607904000;63655438361
12/15/2020;1607990400;84560575140
12/16/2020;1608076800;83601467306
12/17/2020;1608163200;1,38818E+11
12/18/2020;1608249600;74197672209
12/19/2020;1608336000;70165553145
12/20/2020;1608422400;44525185130
12/21/2020;1608508800;80001622383
12/22/2020;1608595200;66555945514
12/23/2020;1608681600;1,08363E+11
12/24/2020;1608768000;89685037081
12/25/2020;1608854400;91695148943
12/26/2020;1608940800;66456740443
12/27/2020;1609027200;98656135135
12/28/2020;1609113600;1,1419E+11
12/29/2020;1609200000;96068312188
12/30/2020;1609286400;1,13635E+11
12/31/2020;1609372800;99481529136
01/01/2021;1609459200;66560418720
01/02/2021;1609545600;1,02606E+11
01/03/2021;1609632000;1,70448E+11
01/04/2021;1609718400;2,59309E+11
01/05/2021;1609804800;1,38144E+11
01/06/2021;1609891200;1,2511E+11
01/07/2021;1609977600;1,33169E+11
01/08/2021;1610064000;1,39786E+11
01/09/2021;1610150400;92563339823
01/10/2021;1610236800;87310659101
01/11/2021;1610323200;2,38075E+11
01/12/2021;1610409600;87031984990
1/13/2021;1610496000;67945681638
1/14/2021;1610582400;85478387564
1/15/2021;1610668800;94274611075
1/16/2021;1610755200;81160820583
1/17/2021;1610841600;63895643119
1/18/2021;1610928000;75294263372
1/19/2021;1611014400;1,0088E+11
1/20/2021;1611100800;83504044289
1/21/2021;1611187200;1,21059E+11
1/22/2021;1611273600;1,31622E+11
1/23/2021;1611360000;80179001262
1/24/2021;1611446400;81094537437
1/25/2021;1611532800;1,08165E+11
1/26/2021;1611619200;85152958296
1/27/2021;1611705600;1,00001E+11
1/28/2021;1611792000;94810705889
1/29/2021;1611878400;1,40718E+11
1/30/2021;1611964800;1,1328E+11
1/31/2021;1612051200;1,28793E+11
02/01/2021;1612137600;1,5367E+11
02/02/2021;1612224000;1,75725E+11
02/03/2021;1612310400;1,73453E+11
02/04/2021;1612396800;2,32624E+11
02/05/2021;1612483200;2,52332E+11
02/06/2021;1612569600;1,7964E+11
02/07/2021;1612656000;1,6007E+11
02/08/2021;1612742400;2,12876E+11
02/09/2021;1612828800;2,33574E+11
02/10/2021;1612915200;2,13089E+11
02/11/2021;1613001600;1,75207E+11
02/12/2021;1613088000;1,80073E+11
2/13/2021;1613174400;1,88806E+11
2/14/2021;1613260800;1,50406E+11
2/15/2021;1613347200;1,78715E+11
2/16/2021;1613433600;1,7304E+11
2/17/2021;1613520000;1,73353E+11
2/18/2021;1613606400;1,83087E+11
2/19/2021;1613692800;1,86186E+11
2/20/2021;1613779200;2,01536E+11
2/21/2021;1613865600;1,44972E+11
2/22/2021;1613952000;2,72678E+11
2/23/2021;1614038400;3,73797E+11
2/24/2021;1614124800;2,10131E+11
2/25/2021;1614211200;1,65094E+11
2/26/2021;1614297600;1,58443E+11
2/27/2021;1614384000;1,18466E+11
2/28/2021;1614470400;1,17852E+11
03/01/2021;1614556800;1,18599E+11
03/02/2021;1614643200;1,24935E+11
03/03/2021;1614729600;1,30986E+11
03/04/2021;1614816000;1,12789E+11
03/05/2021;1614902400;1,37794E+11
03/06/2021;1614988800;99200636716
03/07/2021;1615075200;1,32473E+11
03/08/2021;1615161600;1,3716E+11
03/09/2021;1615248000;1,4039E+11
03/10/2021;1615334400;1,34144E+11
03/11/2021;1615420800;1,32247E+11
03/12/2021;1615507200;1,7178E+11
3/13/2021;1615593600;1,62674E+11
3/14/2021;1615680000;1,49069E+11
3/15/2021;1615766400;1,89463E+11
3/16/2021;1615852800;1,88701E+11
3/17/2021;1615939200;1,93802E+11
3/18/2021;1616025600;1,77581E+11
3/19/2021;1616112000;1,588E+11
3/20/2021;1616198400;1,41123E+11
3/21/2021;1616284800;1,38089E+11
3/22/2021;1616371200;1,87502E+11
3/23/2021;1616457600;1,63877E+11
3/24/2021;1616544000;1,76581E+11
3/25/2021;1616630400;1,79095E+11
3/26/2021;1616716800;1,45287E+11
3/27/2021;1616803200;1,18833E+11
3/28/2021;1616889600;1,24093E+11
3/29/2021;1616976000;1,5049E+11
3/30/2021;1617062400;1,67319E+11
3/31/2021;1617148800;2,10893E+11
04/01/2021;1617235200;1,9187E+11
04/02/2021;1617321600;1,86231E+11
04/03/2021;1617408000;1,46063E+11
04/04/2021;1617494400;1,12039E+11
04/05/2021;1617580800;1,48795E+11
04/06/2021;1617667200;1,53266E+11
04/07/2021;1617753600;1,53648E+11
04/08/2021;1617840000;1,24438E+11
04/09/2021;1617926400;1,18855E+11
04/10/2021;1618012800;98446127075
04/11/2021;1618099200;85229481055
04/12/2021;1618185600;1,09282E+11
4/13/2021;1618272000;1,20271E+11
4/14/2021;1618358400;1,37756E+11
4/15/2021;1618444800;1,05014E+11
4/16/2021;1618531200;1,83796E+11
4/17/2021;1618617600;1,44966E+11
4/18/2021;1618704000;1,70181E+11
4/19/2021;1618790400;1,95798E+11
4/20/2021;1618876800;2,6551E+11
4/21/2021;1618963200;1,66325E+11
4/22/2021;1619049600;1,40016E+11
4/23/2021;1619136000;1,24223E+11
4/24/2021;1619222400;67652388873
4/25/2021;1619308800;55417762177
4/26/2021;1619395200;62694725054
4/27/2021;1619481600;66938145405
4/28/2021;1619568000;79191609660
4/29/2021;1619654400;71836786969
4/30/2021;1619740800;56781903115
05/01/2021;1619827200;59677504645
05/02/2021;1619913600;43095065217
05/03/2021;1620000000;66900438914
05/04/2021;1620086400;69098834782
05/05/2021;1620172800;59385330566
05/06/2021;1620259200;65942349676
05/07/2021;1620345600;68346008307
05/08/2021;1620432000;1,39808E+11
05/09/2021;1620518400;1,30672E+11
05/10/2021;1620604800;2,38385E+11
05/11/2021;1620691200;2,98765E+11
05/12/2021;1620777600;2,81829E+11
5/13/2021;1620864000;1,70567E+11
5/14/2021;1620950400;1,28797E+11
5/15/2021;1621036800;93121194895
5/16/2021;1621123200;81298825948
5/17/2021;1621209600;95485853591
5/18/2021;1621296000;88032574764
5/19/2021;1621382400;2,98784E+11
5/20/2021;1621468800;1,26958E+11
5/21/2021;1621555200;1,14601E+11
5/22/2021;1621641600;56329952594
5/23/2021;1621728000;1,43673E+11
5/24/2021;1621814400;68467808560
5/25/2021;1621900800;51922095681
5/26/2021;1621987200;50146189154
5/27/2021;1622073600;39437129759
5/28/2021;1622160000;40891552216
5/29/2021;1622246400;32976768948
5/30/2021;1622332800;28081052885
5/31/2021;1622419200;32279087412
06/01/2021;1622505600;29750836207
06/02/2021;1622592000;32350651721
06/03/2021;1622678400;33572372136
06/04/2021;1622764800;28918775826
06/05/2021;1622851200;22233993451
06/06/2021;1622937600;19356063389
06/07/2021;1623024000;24527732392
06/08/2021;1623110400;32504193436
06/09/2021;1623196800;27685890070
06/10/2021;1623283200;23897393010
06/11/2021;1623369600;25834690110
06/12/2021;1623456000;23189790716
6/13/2021;1623542400;17507233384
6/14/2021;1623628800;22658681944
6/15/2021;1623715200;23075725137
6/16/2021;1623801600;22743300318
6/17/2021;1623888000;24807002704
6/18/2021;1623974400;24274221643
6/19/2021;1624060800;18577786601
6/20/2021;1624147200;20783797940
6/21/2021;1624233600;46590886180
6/22/2021;1624320000;73163723292
6/23/2021;1624406400;25285766550
6/24/2021;1624492800;22090212482
6/25/2021;1624579200;28010226315
6/26/2021;1624665600;18761864623
6/27/2021;1624752000;25645892227
6/28/2021;1624838400;23714125368
6/29/2021;1624924800;26266202579
6/30/2021;1625011200;32002625993
07/01/2021;1625097600;25133110011
07/02/2021;1625184000;20722209911
07/03/2021;1625270400;18841863418
07/04/2021;1625356800;16413877925
07/05/2021;1625443200;20318933757
07/06/2021;1625529600;54871815247
07/07/2021;1625616000;40369381391
07/08/2021;1625702400;37478388049
07/09/2021;1625788800;30266605013
07/10/2021;1625875200;18988461455
07/11/2021;1625961600;15796724325
07/12/2021;1626048000;30407815045
7/13/2021;1626134400;32450026038
7/14/2021;1626220800;45974504881
7/15/2021;1626307200;45196906108
7/16/2021;1626393600;42029589044
7/17/2021;1626480000;29976286417
7/18/2021;1626566400;30497194578
7/19/2021;1626652800;30440382000
7/20/2021;1626739200;35422941438
7/21/2021;1626825600;27173423658
7/22/2021;1626912000;33177581738
7/23/2021;1626998400;35451146095
7/24/2021;1627084800;24896279188
7/25/2021;1627171200;23442307403
7/26/2021;1627257600;42016473026
7/27/2021;1627344000;40656771727
7/28/2021;1627430400;46698873266
7/29/2021;1627516800;34329937499
7/30/2021;1627603200;39490647512
7/31/2021;1627689600;44287844806
08/01/2021;1627776000;39568132114
08/02/2021;1627862400;44396980231
08/03/2021;1627948800;48965615995
08/04/2021;1628035200;45772397433
08/05/2021;1628121600;64498157332
08/06/2021;1628208000;54095411950
08/07/2021;1628294400;53823017552
08/08/2021;1628380800;50740583150
08/09/2021;1628467200;62245603314
08/10/2021;1628553600;65215176708
08/11/2021;1628640000;67302786720
08/12/2021;1628726400;58916336779
8/13/2021;1628812800;62916929886
8/14/2021;1628899200;53617974436
8/15/2021;1628985600;62553842764
8/16/2021;1629072000;61227895718
8/17/2021;1629158400;57136391227
8/18/2021;1629244800;53671161049
8/19/2021;1629331200;51748682012
8/20/2021;1629417600;48398307664
8/21/2021;1629504000;40395653415
8/22/2021;1629590400;40824934168
8/23/2021;1629676800;67801123728
8/24/2021;1629763200;86798598845
8/25/2021;1629849600;1,02282E+11
8/26/2021;1629936000;97977717090
8/27/2021;1630022400;1,21233E+11
8/28/2021;1630108800;89483984349
8/29/2021;1630195200;1,00686E+11
8/30/2021;1630281600;1,14339E+11
8/31/2021;1630368000;1,21468E+11
09/01/2021;1630454400;1,36213E+11
09/02/2021;1630540800;1,17151E+11
09/03/2021;1630627200;1,59342E+11
09/04/2021;1630713600;1,27147E+11
09/05/2021;1630800000;1,16327E+11
09/06/2021;1630886400;1,24071E+11
09/07/2021;1630972800;2,13999E+11
09/08/2021;1631059200;1,56645E+11
09/09/2021;1631145600;1,51691E+11
09/10/2021;1631232000;1,07414E+11
09/11/2021;1631318400;70547078252
09/12/2021;1631404800;66302908949
9/13/2021;1631491200;1,06664E+11
9/14/2021;1631577600;74476216590
9/15/2021;1631664000;75053250319
9/16/2021;1631750400;89060409614
9/17/2021;1631836800;80831792329
9/18/2021;1631923200;57959970897
9/19/2021;1632009600;65198396168
9/20/2021;1632096000;93627396666
9/21/2021;1632182400;1,06504E+11
9/22/2021;1632268800;73923487712
9/23/2021;1632355200;91230950648
9/24/2021;1632441600;78526866487
9/25/2021;1632528000;50962187650
9/26/2021;1632614400;71250486571
9/27/2021;1632700800;1,38455E+11
9/28/2021;1632787200;95008647483
9/29/2021;1632873600;83688301230
9/30/2021;1632960000;1,07078E+11
10/01/2021;1633046400;93359939426
10/02/2021;1633132800;68628077449
10/03/2021;1633219200;65821653497
10/04/2021;1633305600;1,05762E+11
10/05/2021;1633392000;1,30495E+11
10/06/2021;1633478400;1,50035E+11
10/07/2021;1633564800;1,51976E+11
10/08/2021;1633651200;1,26366E+11
10/09/2021;1633737600;84647984176
10/10/2021;1633824000;86179335901
10/11/2021;1633910400;1,14272E+11
10/12/2021;1633996800;97930380585
10/13/2021;1634083200;1,08522E+11
10/14/2021;1634169600;1,38988E+11
10/15/2021;1634256000;1,52666E+11
10/16/2021;1634342400;90967356392
10/17/2021;1634428800;80516798136
10/18/2021;1634515200;1,13414E+11
10/19/2021;1634601600;79599322886
10/20/2021;1634688000;87248508777
10/21/2021;1634774400;1,00283E+11
10/22/2021;1634860800;91861894977
10/23/2021;1634947200;71610688632
10/24/2021;1635033600;80106768615
10/25/2021;1635120000;1,04407E+11
10/26/2021;1635206400;1,31867E+11
10/27/2021;1635292800;1,77194E+11
10/28/2021;1635379200;1,98026E+11
10/29/2021;1635465600;1,83859E+11
10/30/2021;1635552000;1,71249E+11
10/31/2021;1635638400;1,57063E+11
11/01/2021;1635724800;1,66951E+11
11/02/2021;1635811200;1,84007E+11
11/03/2021;1635897600;1,70817E+11
11/04/2021;1635984000;1,53495E+11
11/05/2021;1636070400;1,4136E+11
11/06/2021;1636156800;1,18059E+11
11/07/2021;1636243200;1,04335E+11
11/08/2021;1636329600;1,33383E+11
11/09/2021;1636416000;1,8138E+11
11/10/2021;1636502400;1,739E+11
11/11/2021;1636588800;1,6706E+11
11/12/2021;1636675200;1,54766E+11
11/13/2021;1636761600;1,36558E+11
11/14/2021;1636848000;1,1846E+11
11/15/2021;1636934400;1,5957E+11
11/16/2021;1637020800;1,50734E+11
11/17/2021;1637107200;1,37442E+11
11/18/2021;1637193600;1,496E+11
11/19/2021;1637280000;1,27112E+11
11/20/2021;1637366400;1,09744E+11
11/21/2021;1637452800;1,12072E+11
11/22/2021;1637539200;1,51883E+11
11/23/2021;1637625600;1,40451E+11
11/24/2021;1637712000;1,36329E+11
11/25/2021;1637798400;1,29484E+11
11/26/2021;1637884800;1,20296E+11
11/27/2021;1637971200;1,26865E+11
11/28/2021;1638057600;1,19118E+11
11/29/2021;1638144000;1,28926E+11
11/30/2021;1638230400;1,42425E+11
12/01/2021;1638316800;1,44591E+11
12/02/2021;1638403200;1,19052E+11
12/03/2021;1638489600;1,14445E+11
12/04/2021;1638576000;1,55783E+11
12/05/2021;1638662400;1,09899E+11
12/06/2021;1638748800;1,12817E+11
12/07/2021;1638835200;98725355074
12/08/2021;1638921600;85591237374
12/09/2021;1639008000;88232234277
12/10/2021;1639094400;89030753907
12/11/2021;1639180800;78350083431
12/12/2021;1639267200;65953683938
12/13/2021;1639353600;88677536111
12/14/2021;1639440000;83572369835
12/15/2021;1639526400;92325564544
12/16/2021;1639612800;1,01523E+11
12/17/2021;1639699200;1,13248E+11
12/18/2021;1639785600;68559014804
12/19/2021;1639872000;62055391544
12/20/2021;1639958400;71513752132
12/21/2021;1640044800;71133181120
12/22/2021;1640131200;81724114577
12/23/2021;1640217600;90020348396
12/24/2021;1640304000;75729336544
12/25/2021;1640390400;73519109194
12/26/2021;1640476800;58587455926
12/27/2021;1640563200;82343259279
12/28/2021;1640649600;1,06487E+11
12/29/2021;1640736000;1,27732E+11
12/30/2021;1640822400;1,14739E+11
12/31/2021;1640908800;97138220230
01/01/2022;1640995200;81360644849
01/02/2022;1641081600;1,00588E+11
01/03/2022;1641168000;1,07823E+11
01/04/2022;1641254400;1,33173E+11
01/05/2022;1641340800;1,49287E+11
01/06/2022;1641427200;1,37789E+11
01/07/2022;1641513600;1,53392E+11
01/08/2022;1641600000;1,21244E+11
01/09/2022;1641686400;1,57992E+11
01/10/2022;1641772800;2,18548E+11
01/11/2022;1641859200;1,84658E+11
01/12/2022;1641945600;1,94998E+11
1/13/2022;1642032000;1,66673E+11
1/14/2022;1642118400;1,91211E+11
1/15/2022;1642204800;1,39006E+11
1/16/2022;1642291200;1,32861E+11
1/17/2022;1642377600;1,54217E+11
1/18/2022;1642464000;1,24366E+11
1/19/2022;1642550400;1,32188E+11
1/20/2022;1642636800;1,47949E+11
1/21/2022;1642723200;1,85589E+11
1/22/2022;1642809600;1,65352E+11
1/23/2022;1642896000;1,25482E+11
1/24/2022;1642982400;1,42049E+11
1/25/2022;1643068800;1,46783E+11
1/26/2022;1643155200;1,44648E+11
1/27/2022;1643241600;1,5495E+11
1/28/2022;1643328000;1,40464E+11
1/29/2022;1643414400;1,19869E+11
1/30/2022;1643500800;1,34344E+11
1/31/2022;1643587200;1,22793E+11
02/01/2022;1643673600;1,55363E+11
02/02/2022;1643760000;1,58622E+11
02/03/2022;1643846400;1,22791E+11
02/04/2022;1643932800;1,0934E+11
02/05/2022;1644019200;1,10654E+11
02/06/2022;1644105600;76760714510
02/07/2022;1644192000;1,19522E+11
02/08/2022;1644278400;92775066553
02/09/2022;1644364800;97129048063
02/10/2022;1644451200;1,18793E+11
02/11/2022;1644537600;77826197326
02/12/2022;1644624000;68845159278
2/13/2022;1644710400;59461576044
2/14/2022;1644796800;65878165715
2/15/2022;1644883200;80874247205
2/16/2022;1644969600;85651527834
2/17/2022;1645056000;77359572225
2/18/2022;1645142400;99672209984
2/19/2022;1645228800;78329414509
2/20/2022;1645315200;71638077716
2/21/2022;1645401600;93449422300
2/22/2022;1645488000;88855949080
2/23/2022;1645574400;96963987483
2/24/2022;1645660800;91585153455
2/25/2022;1645747200;68352032145
2/26/2022;1645833600;55689206304
2/27/2022;1645920000;46808949175
2/28/2022;1646006400;74184332108
03/01/2022;1646092800;61807690726
03/02/2022;1646179200;57233821035
03/03/2022;1646265600;51820526521
03/04/2022;1646352000;50027808157
03/05/2022;1646438400;39105900797
03/06/2022;1646524800;51787695696
03/07/2022;1646611200;44752346436
03/08/2022;1646697600;49331425559
03/09/2022;1646784000;40816198152
03/10/2022;1646870400;36484913763
03/11/2022;1646956800;35326134376
03/12/2022;1647043200;26293915463
3/13/2022;1647129600;41621884402
3/14/2022;1647216000;35171107807
3/15/2022;1647302400;40481002846
3/16/2022;1647388800;43774422429
3/17/2022;1647475200;77108651531
3/18/2022;1647561600;72594322453
3/19/2022;1647648000;33680173978
3/20/2022;1647734400;29275876248
3/21/2022;1647820800;37355945670
3/22/2022;1647907200;46983693447
3/23/2022;1647993600;40602858000
3/24/2022;1648080000;53355636800
3/25/2022;1648166400;48970434712
3/26/2022;1648252800;34689925385
3/27/2022;1648339200;55419043357
3/28/2022;1648425600;82452707160
3/29/2022;1648512000;50438131665
3/30/2022;1648598400;56313897422
3/31/2022;1648684800;55283697798
04/01/2022;1648771200;68577599578
04/02/2022;1648857600;62407665341
04/03/2022;1648944000;55065336602
04/04/2022;1649030400;68717823808
04/05/2022;1649116800;96816494014
04/06/2022;1649203200;62788787351
04/07/2022;1649289600;75351242378
04/08/2022;1649376000;59575919037
04/09/2022;1649462400;38308158477
04/10/2022;1649548800;47810675357
04/11/2022;1649635200;49652220938
04/12/2022;1649721600;50425290071
4/13/2022;1649808000;50926241086
4/14/2022;1649894400;53368293835
4/15/2022;1649980800;43144386684
4/16/2022;1650067200;38595586042
4/17/2022;1650153600;32925135938
4/18/2022;1650240000;40280573508
4/19/2022;1650326400;44424544153
4/20/2022;1650412800;71905804866
4/21/2022;1650499200;65083468948
4/22/2022;1650585600;61133071452
4/23/2022;1650672000;35929743755
4/24/2022;1650758400;35954621598
4/25/2022;1650844800;57799804673
4/26/2022;1650931200;50687227347
4/27/2022;1651017600;57662562102
4/28/2022;1651104000;57139757124
4/29/2022;1651190400;54690459685
4/30/2022;1651276800;52545474977
05/01/2022;1651363200;4,74571E+11
05/02/2022;1651449600;72043698182
05/03/2022;1651536000;64105364670
05/04/2022;1651622400;53083855495
05/05/2022;1651708800;68692339576
05/06/2022;1651795200;55173751622
05/07/2022;1651881600;35194249139
05/08/2022;1651968000;29478186084
05/09/2022;1652054400;66651018430
05/10/2022;1652140800;61542478232
05/11/2022;1652227200;1,47322E+11
05/12/2022;1652313600;2,13704E+11
5/13/2022;1652400000;80809731378
5/14/2022;1652486400;40871363308
5/15/2022;1652572800;27951143721
5/16/2022;1652659200;28804637041
5/17/2022;1652745600;37830309444
5/18/2022;1652832000;30748925664
5/19/2022;1652918400;30460767461
5/20/2022;1653004800;32782173939
5/21/2022;1653091200;26237085979
5/22/2022;1653177600;25659863407
5/23/2022;1653264000;29541461300
5/24/2022;1653350400;32956201467
5/25/2022;1653436800;38509960332
5/26/2022;1653523200;51376731735
5/27/2022;1653609600;45548286421
5/28/2022;1653696000;23604617235
5/29/2022;1653782400;24161086427
5/30/2022;1653868800;37961721339
5/31/2022;1653955200;56552060855
06/01/2022;1654041600;60055943179
06/02/2022;1654128000;64707342185
06/03/2022;1654214400;64573734294
06/04/2022;1654300800;62971528903
06/05/2022;1654387200;59366273609
06/06/2022;1654473600;57517185219
06/07/2022;1654560000;61928256668
06/08/2022;1654646400;75582283210
06/09/2022;1654732800;76095263911
06/10/2022;1654819200;59135006269
06/11/2022;1654905600;41376926755
06/12/2022;1654992000;38719455936
6/13/2022;1655078400;95861337469
6/14/2022;1655164800;66776852142
6/15/2022;1655251200;72230086011
6/16/2022;1655337600;45180977936
6/17/2022;1655424000;45599442508
6/18/2022;1655510400;55855612595
6/19/2022;1655596800;32654814093
6/20/2022;1655683200;31375548161
6/21/2022;1655769600;43463730164
6/22/2022;1655856000;39683822982
6/23/2022;1655942400;55290317255
6/24/2022;1656028800;47629295462
6/25/2022;1656115200;39063860247
6/26/2022;1656201600;40520495410
6/27/2022;1656288000;54099913325
6/28/2022;1656374400;50397241148
6/29/2022;1656460800;63290331754
6/30/2022;1656547200;56508280513
07/01/2022;1656633600;35552904252
07/02/2022;1656720000;19367055591
07/03/2022;1656806400;21176660058
07/04/2022;1656892800;26864964814
07/05/2022;1656979200;33127985821
07/06/2022;1657065600;34027332279
07/07/2022;1657152000;40761793061
07/08/2022;1657238400;30264170187
07/09/2022;1657324800;29505264147
07/10/2022;1657411200;21041133292
07/11/2022;1657497600;32310421336
07/12/2022;1657584000;27739123781
7/13/2022;1657670400;34350933701
7/14/2022;1657756800;36726172033
7/15/2022;1657843200;34767999413
7/16/2022;1657929600;26046133732
7/17/2022;1658016000;24906210932
7/18/2022;1658102400;35135781862
7/19/2022;1658188800;35586273832
7/20/2022;1658275200;34127877817
7/21/2022;1658361600;24472978230
7/22/2022;1658448000;19100551087
7/23/2022;1658534400;15792987351
7/24/2022;1658620800;13689431825
7/25/2022;1658707200;23754872466
7/26/2022;1658793600;27645007068
7/27/2022;1658880000;23574798199
7/28/2022;1658966400;27005607346
7/29/2022;1659052800;19415115915
7/30/2022;1659139200;12277416442
7/31/2022;1659225600;11543215897
08/01/2022;1659312000;23580872768
08/02/2022;1659398400;17447426756
08/03/2022;1659484800;15725584672
08/04/2022;1659571200;17102541649
08/05/2022;1659657600;17134974698
08/06/2022;1659744000;11788764416
08/07/2022;1659830400;12459101119
08/08/2022;1659916800;20888856665
08/09/2022;1660003200;22435156603
08/10/2022;1660089600;32790380268
08/11/2022;1660176000;26961948839
08/12/2022;1660262400;20744690017
8/13/2022;1660348800;13437723600
8/14/2022;1660435200;14343206452
8/15/2022;1660521600;25490752408
8/16/2022;1660608000;15518320871
8/17/2022;1660694400;15840742318
8/18/2022;1660780800;15531651130
8/19/2022;1660867200;21371448232
8/20/2022;1660953600;14312223578
8/21/2022;1661040000;10779092286
8/22/2022;1661126400;18066664879
8/23/2022;1661212800;16511696178
8/24/2022;1661299200;15702512320
8/25/2022;1661385600;20904763641
8/26/2022;1661472000;18105901387
8/27/2022;1661558400;11733733734
8/28/2022;1661644800;11329800648
8/29/2022;1661731200;19473457572
8/30/2022;1661817600;23714139361
8/31/2022;1661904000;26136983036
09/01/2022;1661990400;23613263110
09/02/2022;1662076800;17102479580
09/03/2022;1662163200;10161641535
09/04/2022;1662249600;11434326814
09/05/2022;1662336000;14619902921
09/06/2022;1662422400;19269708826
09/07/2022;1662508800;24171122353
09/08/2022;1662595200;27017252517
09/09/2022;1662681600;25466962749
09/10/2022;1662768000;15146464248
09/11/2022;1662854400;13281379803
09/12/2022;1662940800;21385726349
9/13/2022;1663027200;23605410036
9/14/2022;1663113600;17084508729
9/15/2022;1663200000;23102480251
9/16/2022;1663286400;13923035887
9/17/2022;1663372800;8870964174
9/18/2022;1663459200;11782591937
9/19/2022;1663545600;14407629126
9/20/2022;1663632000;15549616707
9/21/2022;1663718400;18644158099
9/22/2022;1663804800;14196384851
9/23/2022;1663891200;13064001814
9/24/2022;1663977600;9076087361
9/25/2022;1664064000;10957389389
9/26/2022;1664150400;16537249259
9/27/2022;1664236800;22611010328
9/28/2022;1664323200;19756181085
9/29/2022;1664409600;18787473879
9/30/2022;1664496000;18854642753
10/01/2022;1664582400;11418509105
10/02/2022;1664668800;8482736656
10/03/2022;1664755200;17718303421
10/04/2022;1664841600;17621542205
10/05/2022;1664928000;20507549173
10/06/2022;1665014400;15623298162
10/07/2022;1665100800;13492009638
10/08/2022;1665187200;20622354179
10/09/2022;1665273600;31287093350
10/10/2022;1665360000;37582169969
10/11/2022;1665446400;29333893936
10/12/2022;1665532800;22281959320
10/13/2022;1665619200;27488686311
10/14/2022;1665705600;20982958370
10/15/2022;1665792000;19676288930
10/16/2022;1665878400;17822373644
10/17/2022;1665964800;27647227186
10/18/2022;1666051200;29217198083
10/19/2022;1666137600;33130272753
10/20/2022;1666224000;35367998733
10/21/2022;1666310400;34341965708
10/22/2022;1666396800;21906854720
10/23/2022;1666483200;17543495100
10/24/2022;1666569600;23547153638
10/25/2022;1666656000;25761288525
10/26/2022;1666742400;23444016929
10/27/2022;1666828800;19868396622
10/28/2022;1666915200;20187568905
10/29/2022;1667001600;16847981456
10/30/2022;1667088000;11954787469
10/31/2022;1667174400;23932842965
11/01/2022;1667260800;18522412597
11/02/2022;1667347200;21233333626
11/03/2022;1667433600;33662933314
11/04/2022;1667520000;23525904169
11/05/2022;1667606400;15613710939
11/06/2022;1667692800;15597214302
11/07/2022;1667779200;22116856933
11/08/2022;1667865600;56990615164
11/09/2022;1667952000;61054537493
11/10/2022;1668038400;43173312118
11/11/2022;1668124800;29642986414
11/12/2022;1668211200;20449710205
11/13/2022;1668297600;20228404244
11/14/2022;1668384000;24185417485
11/15/2022;1668470400;23904583061
11/16/2022;1668556800;21839911114
11/17/2022;1668643200;23174606735
11/18/2022;1668729600;18793247928
11/19/2022;1668816000;16207722481
11/20/2022;1668902400;16269578627
11/21/2022;1668988800;17628559163
11/22/2022;1669075200;19352296295
11/23/2022;1669161600;16841257313
11/24/2022;1669248000;15759583946
11/25/2022;1669334400;14240047285
11/26/2022;1669420800;13584856927
11/27/2022;1669507200;13384995286
11/28/2022;1669593600;17826552842
11/29/2022;1669680000;14870303308
11/30/2022;1669766400;16566226604
12/01/2022;1669852800;16794118320
12/02/2022;1669939200;15943201869
12/03/2022;1670025600;14839045501
12/04/2022;1670112000;14337269578
12/05/2022;1670198400;17801901128
12/06/2022;1670284800;18901811657
12/07/2022;1670371200;21689477944
12/08/2022;1670457600;19294282648
12/09/2022;1670544000;42479111449
12/10/2022;1670630400;19154307742
12/11/2022;1670716800;21165291288
12/12/2022;1670803200;20840121295
12/13/2022;1670889600;22373108082
12/14/2022;1670976000;19712120094
12/15/2022;1671062400;21169055748
12/16/2022;1671148800;22798849073
12/17/2022;1671235200;17185182084
12/18/2022;1671321600;16861112376
12/19/2022;1671408000;17897365083
12/20/2022;1671494400;19838126213
12/21/2022;1671580800;19614664894
12/22/2022;1671667200;18212223056
12/23/2022;1671753600;16612065980
12/24/2022;1671840000;13953389265
12/25/2022;1671926400;13670191829
12/26/2022;1672012800;14722550940
12/27/2022;1672099200;18565037222
12/28/2022;1672185600;19632858099
12/29/2022;1672272000;20056208825
12/30/2022;1672358400;20559372588
12/31/2022;1672444800;19585675641
01/01/2023;1672531200;18036457836
01/02/2023;1672617600;20591319328
01/03/2023;1672704000;22267876443
01/04/2023;1672790400;29513905520
01/05/2023;1672876800;25709158256
01/06/2023;1672963200;24515619991
01/07/2023;1673049600;18714982021
01/08/2023;1673136000;22169765554
01/09/2023;1673222400;26543481375
01/10/2023;1673308800;24832851982
01/11/2023;1673395200;25466337456
01/12/2023;1673481600;25397758826
1/13/2023;1673568000;29480606306
1/14/2023;1673654400;27988987982
1/15/2023;1673740800;23739712895
1/16/2023;1673827200;27887418109
1/17/2023;1673913600;26891033300
1/18/2023;1674000000;33560576341
1/19/2023;1674086400;24745685461
1/20/2023;1674172800;25720620233
1/21/2023;1674259200;21072475142
1/22/2023;1674345600;19312151668
1/23/2023;1674432000;23115320837
1/24/2023;1674518400;30754508640
1/25/2023;1674604800;25825941797
1/26/2023;1674691200;26205253084
1/27/2023;1674777600;25377717914
1/28/2023;1674864000;18813456271
1/29/2023;1674950400;23135740585
1/30/2023;1675036800;21825804088
1/31/2023;1675123200;30245226857
02/01/2023;1675209600;30951074759
02/02/2023;1675296000;32389670787
02/03/2023;1675382400;33686520435
02/04/2023;1675468800;26322246409
02/05/2023;1675555200;23794846802
02/06/2023;1675641600;28478691953
02/07/2023;1675728000;36817069793
02/08/2023;1675814400;38656256230
02/09/2023;1675900800;40353819491
02/10/2023;1675987200;29368859389
02/11/2023;1676073600;21415378130
02/12/2023;1676160000;21067638895
2/13/2023;1676246400;29595631552
2/14/2023;1676332800;64056071186
2/15/2023;1676419200;42442291537
2/16/2023;1676505600;44451859861
2/17/2023;1676592000;40142664080
2/18/2023;1676678400;30627715818
2/19/2023;1676764800;29673223535
2/20/2023;1676851200;37171212039
2/21/2023;1676937600;37349599727
2/22/2023;1677024000;40866932589
2/23/2023;1677110400;42639674435
2/24/2023;1677196800;34956299586
2/25/2023;1677283200;24663365746
2/26/2023;1677369600;24307982693
2/27/2023;1677456000;27327787901
2/28/2023;1677542400;29019407899
03/01/2023;1677628800;35831060580
03/02/2023;1677715200;33605840367
03/03/2023;1677801600;34761706713
03/04/2023;1677888000;27052351676
03/05/2023;1677974400;29307339847
03/06/2023;1678060800;37983458797
03/07/2023;1678147200;37755589297
03/08/2023;1678233600;37320061309
03/09/2023;1678320000;40550234117
03/10/2023;1678406400;36919533821
03/11/2023;1678492800;1,01261E+11
03/12/2023;1678579200;30904991179
3/13/2023;1678665600;39889905007
3/14/2023;1678752000;36151597518
3/15/2023;1678838400;32866777696
3/16/2023;1678924800;29146213974
3/17/2023;1679011200;28876682813
3/18/2023;1679097600;21372877183
3/19/2023;1679184000;22355362291
3/20/2023;1679270400;24985753846
3/21/2023;1679356800;22839471496
3/22/2023;1679443200;23669198288
3/23/2023;1679529600;27097769260
3/24/2023;1679616000;26619909041
3/25/2023;1679702400;20362203950
3/26/2023;1679788800;22162968519
3/27/2023;1679875200;32606040326
3/28/2023;1679961600;33296747287
3/29/2023;1680048000;34602893435
3/30/2023;1680134400;37400759221
3/31/2023;1680220800;31440721408
04/01/2023;1680307200;24741287947
04/02/2023;1680393600;23677899834
04/03/2023;1680480000;33288679532
04/04/2023;1680566400;34822024601
04/05/2023;1680652800;38414399966
04/06/2023;1680739200;33043798323
04/07/2023;1680825600;27937185695
04/08/2023;1680912000;25168323209
04/09/2023;1680998400;24095099019
04/10/2023;1681084800;28423542045
04/11/2023;1681171200;33681093302
04/12/2023;1681257600;26818315709
4/13/2023;1681344000;35563190355
4/14/2023;1681430400;33953044053
4/15/2023;1681516800;27096530499
4/16/2023;1681603200;30469108368
4/17/2023;1681689600;39511637138
4/18/2023;1681776000;60817366363
4/19/2023;1681862400;81943647577
4/20/2023;1681948800;76593655942
4/21/2023;1682035200;46365409545
4/22/2023;1682121600;43833129395
4/23/2023;1682208000;48450624042
4/24/2023;1682294400;51481567850
4/25/2023;1682380800;44423858600
4/26/2023;1682467200;46885746251
4/27/2023;1682553600;43417185595
4/28/2023;1682640000;43633561010
4/29/2023;1682726400;41252060084
4/30/2023;1682812800;50580093244
05/01/2023;1682899200;77126318174
05/02/2023;1682985600;95049603008
05/03/2023;1683072000;83762267764
05/04/2023;1683158400;86486115375
05/05/2023;1683244800;1,55844E+11
05/06/2023;1683331200;1,5069E+11
05/07/2023;1683417600;1,25193E+11
05/08/2023;1683504000;1,22494E+11
